<T3DataStructure>
	<meta>
		<langDisable>1</langDisable>
	</meta>
	<sheets>
		<main>
			<ROOT>
				<TCEforms>
					<sheetTitle>Main Settings</sheetTitle>
				</TCEforms>
				<type>array</type>
				<el>					
					<settings.defaultDestination>
						<TCEforms>
							<label>Default Destination Address ( Leave Empty for user define Address )</label>
							<config>
								<type>input</type>
								<eval>trim</eval>
							</config>
						</TCEforms>
					</settings.defaultDestination>
					
				</el>
			</ROOT>
		</main>	
	</sheets>
</T3DataStructure>