<T3DataStructure>
  <meta>
    <langDisable>1</langDisable>
    <!--  <langChildren>1</langChildren>!-->
  </meta>
  <sheets>
    <sDEF>
      <ROOT>
        <TCEforms>
          <sheetTitle>Course Settings</sheetTitle>
        </TCEforms>
        <type>array</type>
        <el>
          <switchableControllerActions>
            <TCEforms>
              <label>Course Managment</label>
              <onChange>reload</onChange>
              <config>
                <type>select</type>
                <items type="array">
                  <numIndex index="0" type="array">
                    <numIndex index="0">Course [Categories]</numIndex>
                    <numIndex index="1">Category->list</numIndex>
                  </numIndex>
                  <numIndex index="1" type="array">
                    <numIndex index="0">Course [List]</numIndex>
                    <numIndex index="1">Course->list</numIndex>
                  </numIndex>
                  <numIndex index="2" type="array">
                    <numIndex index="0">Course [Detail]</numIndex>
                    <numIndex index="1">Course->show</numIndex>
                  </numIndex>
                  <numIndex index="3" type="array">
                    <numIndex index="0">Course [Kursinformationen]</numIndex>
                    <numIndex index="1">Course->kursinformationen</numIndex>
                  </numIndex>
                  <numIndex index="4" type="array">
                    <numIndex index="0">Course [Kursinhalte]</numIndex>
                    <numIndex index="1">Course->kursinhalte</numIndex>
                  </numIndex>
                  <numIndex index="5" type="array">
                    <numIndex index="0">Course [Anmeldung]</numIndex>
                    <numIndex index="1">Course->anmeldung</numIndex>
                  </numIndex>
                  <numIndex index="6" type="array">
                    <numIndex index="0">Course [Termine und Anmeldung]</numIndex>
                    <numIndex index="1">Course->termineundAnmeldung</numIndex>
                  </numIndex>
                  <numIndex index="7" type="array">
                    <numIndex index="0">Course [AjaxCalender]</numIndex>
                    <numIndex index="1">Course->ajax</numIndex>
                  </numIndex>
                  <numIndex index="8" type="array">
                    <numIndex index="0">Course [Price]</numIndex>
                    <numIndex index="1">Course->price</numIndex>
                  </numIndex>
                  <numIndex index="9" type="array">
                    <numIndex index="0">Course [Banner]</numIndex>
                    <numIndex index="1">Course->banner</numIndex>
                  </numIndex>
                  <numIndex index="10" type="array">
                    <numIndex index="0">Course [Last Minute]</numIndex>
                    <numIndex index="1">Course->lastMinute</numIndex>
                  </numIndex>
                  <numIndex index="11" type="array">
                    <numIndex index="0">Course [Category Detail]</numIndex>
                    <numIndex index="1">Category->categoryShow</numIndex>
                  </numIndex>
                  <numIndex index="12" type="array">
                    <numIndex index="0">Category [Banner]</numIndex>
                    <numIndex index="1">Category->banner</numIndex>
                  </numIndex>
                  <numIndex index="12" type="array">
                    <numIndex index="0">Category [Sitemap]</numIndex>
                    <numIndex index="1">Category->sitemap</numIndex>
                  </numIndex>
                  <numIndex index="13" type="array">
                    <numIndex index="0">Course [Botom Contact Form]</numIndex>
                    <numIndex index="1">Course->contactForm</numIndex>
                  </numIndex>
                  <numIndex index="14" type="array">
                    <numIndex index="0">Course [Weitere Informationen]</numIndex>
                    <numIndex index="1">Course->weitereInformationen</numIndex>
                  </numIndex>
                  <numIndex index="15" type="array">
                    <numIndex index="0">Category [footermenu]</numIndex>
                    <numIndex index="1">Category->footerMenu</numIndex>
                  </numIndex>
                  <numIndex index="16" type="array">
                    <numIndex index="0">Course [Booking Form]</numIndex>
                    <numIndex index="1">Course->bookingForm</numIndex>
                  </numIndex>
                  <numIndex index="17" type="array">
                    <numIndex index="0">Course [Contact Form]</numIndex>
                    <numIndex index="1">Course->courseContactForm</numIndex>
                  </numIndex>
				   <numIndex index="18" type="array">
                    <numIndex index="0">Breadcrum</numIndex> 
                    <numIndex index="1">Course->breadcrum</numIndex>
                  </numIndex> 
                </items>
                <selectedListStyle>width:300px</selectedListStyle>
                <itemListStyle>width:300px</itemListStyle>
                <maxitems>1</maxitems>
                <size>1</size>
                <multiple>1</multiple>
              </config>
            </TCEforms>
          </switchableControllerActions>
          <settings.images>
            <TCEforms>
              <label>Upload Image</label>
              <displayCond>FIELD:switchableControllerActions:=:Category->banner,Course->banner,Course->show,Course->kursinformationen,Course->kursinhalte,Course->termineundAnmeldung,Course->lastMinute,Course->weitereInformationen,Course->contactForm,Course->anmeldung,Category->footerMenu</displayCond>
              <config type="array">
                <type>group</type>
                <internal_type>file</internal_type>
                <allowed>gif,png,jpg,jpeg</allowed>
                <max_size>10240000</max_size>
                <uploadfolder>uploads/tx_course</uploadfolder>
                <show_thumbs>1</show_thumbs>
                <size>1</size>
                <maxitems>1</maxitems>
                <minitems>0</minitems>
              </config>
            </TCEforms>
          </settings.images>
          <settings.lastMinuteText>
            <TCEforms>
              <exclude>1</exclude>
              <label>Last Minute Bottom Text</label>
              <displayCond>FIELD:switchableControllerActions:=:Course->lastMinute</displayCond>
              <config>
                <type>text</type>
                <default></default>
              </config>
              <defaultExtras>richtext[cut|copy|paste|formatblock|bold|italic|underline|left|center|right|orderedlist|unorderedlist|outdent|indent|link|image|line|chMode]:rte_transform[mode=ts_css]</defaultExtras>
            </TCEforms>
          </settings.lastMinuteText>
        </el>
      </ROOT>
    </sDEF>    
    <order>
      <ROOT>
        <TCEforms>
          <sheetTitle>Sender</sheetTitle>
        </TCEforms>
        <type>array</type>
        <el>
          <settings.flexform.order.recieverEmail>
            <TCEforms>
              <exclude>1</exclude>
              <label>Admin Email</label>
              <config>
                <type>input</type>
              </config>
            </TCEforms>
          </settings.flexform.order.recieverEmail>
		   <settings.flexform.order.senderEmail>
            <TCEforms>
              <exclude>1</exclude>
              <label>Sender Email (For Confirmation Mail to User)</label>
              <config>
                <type>input</type>
                <eval>trim,In2code\Powermail\Utility\Tca\EvaluateEmail</eval>
              </config>
            </TCEforms>
          </settings.flexform.order.senderEmail>
		  
          <settings.flexform.order.senderName>
            <TCEforms>
              <exclude>1</exclude>
              <label>Sender Name (For Confirmation Mail to User)</label>
              <config>
                <type>input</type>
                <eval>trim</eval>
              </config>
            </TCEforms>
          </settings.flexform.order.senderName>
         
          <settings.flexform.order.senderSubject>
            <TCEforms>
              <exclude>1</exclude>
              <label>Subject for Email to Sender (Empty subject disables mail)</label>
              <config>
                <type>input</type>
                <eval>trim</eval>
              </config>
            </TCEforms>
          </settings.flexform.order.senderSubject>
		<settings.flexform.order.mailBody>
            <TCEforms>
              <exclude>1</exclude>
              <label>Bodytext for Email to Sender</label>
              <config>
                <type>text</type>
                <default></default>
              </config>
              <defaultExtras>richtext[cut|copy|paste|formatblock|bold|italic|underline|left|center|right|orderedlist|unorderedlist|outdent|indent|link|image|line|chMode]:rte_transform[mode=ts_css]</defaultExtras>
            </TCEforms>
          </settings.flexform.order.mailBody>  
		  <settings.flexform.order.mailBodyAdmin>
            <TCEforms>
              <exclude>1</exclude>
              <label>Bodytext for Email to Admin</label>
              <config>
                <type>text</type>
                <default></default>
              </config>
              <defaultExtras>richtext[cut|copy|paste|formatblock|bold|italic|underline|left|center|right|orderedlist|unorderedlist|outdent|indent|link|image|line|chMode]:rte_transform[mode=ts_css]</defaultExtras>
            </TCEforms>
          </settings.flexform.order.mailBodyAdmin>            
        </el>
      </ROOT>
    </order>
	<answer>
      <ROOT>
        <TCEforms>
          <sheetTitle>Answer Page</sheetTitle>
        </TCEforms>
        <type>array</type>
        <el>
         <settings.flexform.order.thxMessage>
						<TCEforms>
							<exclude>1</exclude>							
							<label>Text to answer page.</label>
							<config>
								<type>text</type>								
							</config>
							<defaultExtras>richtext[cut|copy|paste|formatblock|bold|italic|underline|left|center|right|orderedlist|unorderedlist|outdent|indent|link|image|line|chMode]:rte_transform[mode=ts_css]</defaultExtras>
						</TCEforms>
					</settings.flexform.order.thxMessage>
        </el>
      </ROOT>
    </answer>
	
  </sheets>
</T3DataStructure>
