<T3DataStructure>
  <meta>
	<langDisable>1</langDisable>
	<!--  <langChildren>1</langChildren>!-->
  </meta>
	<sheets>
		<sDEF>
			<ROOT>
			 <TCEforms>
            <sheetTitle>Blog Settings </sheetTitle>
            </TCEforms>
			<type>array</type>
				<el>
					<switchableControllerActions>
						<TCEforms>
							<label>Select Mode</label>							
							<config>
								<type>select</type>
								<items type="array">	
									<numIndex index="0" type="array">
										<numIndex index="0">List View</numIndex>
										<numIndex index="1">Post->listView</numIndex>
									</numIndex>
									<numIndex index="1" type="array">
										<numIndex index="0">Detail View</numIndex>
										<numIndex index="1">Post->detailView</numIndex>
									</numIndex>									
								
								</items>
								<selectedListStyle>width:300px</selectedListStyle>
								<itemListStyle>width:300px</itemListStyle>
								<maxitems>1</maxitems>
					            <size>1</size>
					            <multiple>1</multiple>
							</config>
						</TCEforms>
					</switchableControllerActions>

					<settings.loginpage>
						<TCEforms>
							<displayCond>FIELD:switchableControllerActions:=:Post->detailView</displayCond>  
							<label>Login Page</label>
							<config>
								<type>group</type>
								<internal_type>db</internal_type>
								<allowed>pages</allowed>
								<size>1</size>
								<maxitems>1</maxitems>
								<minitems>0</minitems>
								<show_thumbs>1</show_thumbs>
							</config>
						</TCEforms>
					</settings.loginpage>
					<settings.Recordperpage>
						<TCEforms>
							<displayCond>FIELD:switchableControllerActions:=:Post->listView</displayCond>  
							<label>Record per page</label>
							<config>
								<type>input</type>
								<size>1</size>
								<maxitems>1</maxitems>
								<minitems>0</minitems>
								<show_thumbs>1</show_thumbs>
							</config>
						</TCEforms>
					</settings.Recordperpage>
						
					<settings.listpage>
						<TCEforms>
						<displayCond>FIELD:switchableControllerActions:=:Post->detailView</displayCond>  
							<label>Blog List Page</label>
							<config>
								<type>group</type>
								<internal_type>db</internal_type>
								<allowed>pages</allowed>
								<size>1</size>
								<maxitems>1</maxitems>
								<minitems>0</minitems>
								<show_thumbs>1</show_thumbs>
							</config>
						</TCEforms>
					</settings.listpage>

					<settings.selectview>
						<TCEforms>
						<displayCond>FIELD:switchableControllerActions:=:Post->listView</displayCond>  
							<label>Select View</label>
							<config>
								<type>select</type>
								<items type="array">	
									<numIndex index="0" type="array">
										<numIndex index="0">List View</numIndex>
										<numIndex index="1">list</numIndex>
									</numIndex>
									<numIndex index="1" type="array">
										<numIndex index="0">Grid View</numIndex>
										<numIndex index="1">grid</numIndex>
									</numIndex>									
								</items>
								<maxitems>1</maxitems>
					        </config>
						</TCEforms>
					</settings.selectview>
					

					<settings.detailpage>
						<TCEforms>
						<displayCond>FIELD:switchableControllerActions:=:Post->listView</displayCond>  
							<label>Blog Detail Page</label>
							<config>
								<type>group</type>
								<internal_type>db</internal_type>
								<allowed>pages</allowed>
								<size>1</size>
								<maxitems>1</maxitems>
								<minitems>0</minitems>
								<show_thumbs>1</show_thumbs>
							</config>
						</TCEforms>
					</settings.detailpage>	

					<settings.storage>
						<TCEforms>
							<label>Blog Storage</label>
							<config>
								<type>group</type>
								<internal_type>db</internal_type>
								<allowed>pages</allowed>
								<size>1</size>
								<maxitems>1</maxitems>
								<minitems>0</minitems>
								<show_thumbs>1</show_thumbs>
							</config>
						</TCEforms>
					</settings.storage>
					
										
				</el>
			</ROOT>
		</sDEF>
	</sheets>
</T3DataStructure>