	<T3DataStructure>
  <meta>
    <langDisable>1</langDisable>
    <!--  <langChildren>1</langChildren>!-->
  </meta>
  <sheets >
    <tab_1>
      <ROOT>
        <TCEforms>
          <sheetTitle>Genaral</sheetTitle>
        </TCEforms>
        <type>array</type>
        <el>
			
			
			<settings.storageFolder>
				<TCEforms>
					<label>Storage Folder</label>
					<config>
						<type>group</type>
						<internal_type>db</internal_type>
						<allowed>pages</allowed>
						<size>5</size>
						<maxitems>20</maxitems>
						<minitems>0</minitems>
						<show_thumbs>1</show_thumbs>
					</config>
				</TCEforms>
			</settings.storageFolder>
			<settings.showUnsubscribeLink>
				<TCEforms>
				 	<label>Show Unsubscribe Link</label>
					 <config>
					 	 <type>check</type>			          
					 </config>
				</TCEforms>
			</settings.showUnsubscribeLink>						
        </el>
      </ROOT>
    </tab_1>
    <tab_2>
    	<ROOT>
    		<TCEforms>
	          <sheetTitle>Admin Tab</sheetTitle>
	        </TCEforms>
	        <type>array</type>
	        <el>
	        	<settings.sendToReceiver>
			        <TCEforms>
			         <label>Send to Admin</label>
			         <config>
			          <type>check</type>			          
			         </config>
			        </TCEforms>
			    </settings.sendToReceiver>
			    

    			<settings.receiverName>
			        <TCEforms>
			         <label>Admin Name</label>
			         <config>
			          <type>input</type>
			          <size>30</size>
			         </config>
			        </TCEforms>
			    </settings.receiverName> 

			    <settings.receiverEmail>
			        <TCEforms>
			         <label>Admin Email</label>
			         <config>
			          <type>input</type>
			          <size>30</size>
			         </config>
			        </TCEforms>
			    </settings.receiverEmail>

			    <settings.receiverSubject>
			        <TCEforms>
			         <label>Admin Subject</label>
			         <config>
			          <type>input</type>
			          <size>30</size>
			         </config>
			        </TCEforms>
			    </settings.receiverSubject>
				<settings.adminMessage>
		            <TCEforms>
		              <exclude>1</exclude>
		              <label>Message</label>
		              <config>
		                <type>text</type>
		              </config>
		          <defaultExtras>richtext[cut|copy|paste|formatblock|bold|italic|underline|left|center|right|orderedlist|unorderedlist|outdent|indent|link|image|line|chMode]:rte_transform[mode=ts_css]</defaultExtras>
		         </TCEforms>
		         </settings.adminMessage>

    		</el>
      	</ROOT>
    </tab_2>

    <tab_3>
    	<ROOT>
    		<TCEforms>
	          <sheetTitle>User Tab</sheetTitle>
	        </TCEforms>
	        <type>array</type>
	        <el>
    			<settings.senderName>
			        <TCEforms>
			         <label>User name</label>
			         <config>
			          <type>input</type>
			          <size>30</size>
			         </config>
			        </TCEforms>
			    </settings.senderName> 

			    <settings.senderEmail>
			        <TCEforms>
			         <label>User Email</label>
			         <config>
			          <type>input</type>
			          <size>30</size>
			         </config>
			        </TCEforms>
			    </settings.senderEmail>

			    <settings.senderSubject>
			        <TCEforms>
			         <label>User Subject</label>
			         <config>
			          <type>input</type>
			          <size>30</size>
			         </config>
			        </TCEforms>
			    </settings.senderSubject>
			    <settings.userMessage>
		            <TCEforms>
		              <exclude>1</exclude>
		              <label>Message</label>
		              <config>
		                <type>text</type>
		              </config>
		          <defaultExtras>richtext[cut|copy|paste|formatblock|bold|italic|underline|left|center|right|orderedlist|unorderedlist|outdent|indent|link|image|line|chMode]:rte_transform[mode=ts_css]</defaultExtras>
		         </TCEforms>
		         </settings.userMessage>
		         <settings.userUnsubscribeMessage>
		            <TCEforms>
		              <exclude>1</exclude>
		              <label>Unsubscribe Message</label>
		              <config>
		                <type>text</type>
		              </config>
		          <defaultExtras>richtext[cut|copy|paste|formatblock|bold|italic|underline|left|center|right|orderedlist|unorderedlist|outdent|indent|link|image|line|chMode]:rte_transform[mode=ts_css]</defaultExtras>
		         </TCEforms>
		         </settings.userUnsubscribeMessage>

    		</el>
      	</ROOT>
    </tab_3>

  </sheets>
</T3DataStructure>
