<T3DataStructure>
	<meta>
		<langDisable>1</langDisable>
	</meta>
	<sheets>
		<main>
			<ROOT>
				<TCEforms>
					<sheetTitle>Main Settings</sheetTitle>
				</TCEforms>
				<type>array</type>
				<el>
					<switchableControllerActions>
						<TCEforms>
							<label>Display Mode</label>
							<config>
								<type>select</type>
								<items>
									<numIndex index="1">
										<numIndex index="0">Event List</numIndex>
										<numIndex index="1">Event->list</numIndex>
									</numIndex>
									<numIndex index="2">
										<numIndex index="0">Event Detail</numIndex>
										<numIndex index="1">Event->show</numIndex>
									</numIndex>
									
								</items>
							</config>
						</TCEforms>
					</switchableControllerActions>
						
					 <settings.storagePID>
                        <TCEforms>
                            <label>Storage Folder ID</label>
                            <config>
                                <type>group</type>
                                <internal_type>db</internal_type>
                                <allowed>pages</allowed>
                                <size>2</size>
                                <autoSizeMax>30</autoSizeMax>
                                <maxitems>99</maxitems>
                                <minitems>0</minitems>
                                <show_thumbs>1</show_thumbs>
                                <default></default>
                            </config>
                        </TCEforms>
                    </settings.storagePID>

                    <settings.flexform.main.eventlist>
						<TCEforms>
							<label>Event ListpageID</label>
							 <displayCond>FIELD:switchableControllerActions:=:Event->show</displayCond>  
							<config>
								<type>group</type>
								<internal_type>db</internal_type>
								<allowed>pages</allowed>
								<size>1</size>
								<maxitems>1</maxitems>
								<minitems>0</minitems>
								<show_thumbs>1</show_thumbs>
							</config>
						</TCEforms>
					</settings.flexform.main.eventlist>

					<settings.flexform.main.eventdetail>
						<TCEforms>
							<label>Event Deatil pageID</label>
							 <displayCond>FIELD:switchableControllerActions:=:Event->list</displayCond> 
							<config>
								<type>group</type>
								<internal_type>db</internal_type>
								<allowed>pages</allowed>
								<size>1</size>
								<maxitems>1</maxitems>
								<minitems>0</minitems>
								<show_thumbs>1</show_thumbs>
							</config>
						</TCEforms>
					</settings.flexform.main.eventdetail>
				</el>
			</ROOT>
		</main>

	</sheets>
</T3DataStructure>